shop,title,price,old_price,discount,date_start,date_end,additional_info,img
iki,CLEVER plautos morkos,0.25,,SUPER KAINA,01.19,01.25,,https://iki.lt/wp-content/uploads/2026/01/16/20260119-001.jpg
iki,Šviežiai kiaulienai,,,-20%,01.19,01.25,,https://iki.lt/wp-content/uploads/2026/01/16/20260119-002.jpg
iki,Šaldyti virtiniai ar koldūnai LIŪTUKAS IR KO,,,1+1,01.19,01.25,,https://iki.lt/wp-content/uploads/2026/01/16/20260119-003.jpg
iki,BON VIA besėklės žaliosios vynuogės,1.99,,SUPER KAINA,01.19,01.25,,https://iki.lt/wp-content/uploads/2026/01/16/20260119-004.jpg
iki,Saldžios grietinėlės sviestas ŠEIMININKĖS,1.49,2.99,-50%,01.19,01.25,,https://iki.lt/wp-content/uploads/2026/01/16/20260119-005.jpg
iki,PANEVĖŽIO cukrus PLIUS,0.69,1.19,SUPER KAINA,01.19,01.25,,https://iki.lt/wp-content/uploads/2026/01/16/20260119-006.jpg
iki,"Riešutams, džiovintiems vaisiams ir sėkloms",,,-25%,01.19,01.25,,https://iki.lt/wp-content/uploads/2026/01/16/20260119-007.jpg
iki,Malta kava DALLMAYR PRODOMO,6.89,10.99,SUPER KAINA,01.19,01.25,,https://iki.lt/wp-content/uploads/2026/01/16/20260119-008.jpg
iki,Gazuotas gėrimas COCA-COLA ar COCA-COLA ZERO,,,1+1,01.19,01.25,,https://iki.lt/wp-content/uploads/2026/01/16/20260119-009.jpg
iki,BILLA šaldytoms mini picoms MARGARITA ir SALAMI,,,-40%,01.19,01.25, XXX,https://iki.lt/wp-content/uploads/2026/01/16/20260119-010.jpg
iki,Šaldytoms picoms DR. OETKER,,,-30%,01.19,01.25,,https://iki.lt/wp-content/uploads/2026/01/16/20260119-011.jpg
iki,BILLA šaldytoms bulvytėms,,,-40%,01.19,01.25,,https://iki.lt/wp-content/uploads/2026/01/16/20260119-012.jpg
iki,Šaldyti žemaičių blynai LIŪTUKAS IR KO,5.69,,1+1,01.19,01.25,,https://iki.lt/wp-content/uploads/2026/01/16/20260119-013.jpg
iki,BILLA šaldytiems vištienos gaminiams,,,-40%,01.19,01.25,,https://iki.lt/wp-content/uploads/2026/01/16/20260119-014.jpg
iki,"BILLA šaldytai žuvų produkcijai, jūrų gėrybėms",,,-40%,01.19,01.25,,https://iki.lt/wp-content/uploads/2026/01/16/20260119-015.jpg
iki,Šaldytos čilinės midijos be kiautų SUNRISE,1.39,2.79,-50%,01.19,01.25, XXX,https://iki.lt/wp-content/uploads/2026/01/16/20260119-016.jpg
iki,Šaldytos baltakojės blyškiosios krevetės SUNRISE,20.99,,1+1,01.19,01.25, XXX,https://iki.lt/wp-content/uploads/2026/01/16/20260119-017.jpg
iki,Šaldytai produkcijai FJORD’S,,,-40%,01.19,01.25, XXX,https://iki.lt/wp-content/uploads/2026/01/16/20260119-018.jpg
iki,Šaldytoms žuvims ir jūrų gėrybėms NOWACO,,,-40%,01.19,01.25,,https://iki.lt/wp-content/uploads/2026/01/16/20260119-019.jpg
iki,"Šaldytos argentininės jūrinės lydekos FJORD’S be galvų, be uodegų",2.69,3.19,TIK,01.19,01.25,,https://iki.lt/wp-content/uploads/2026/01/16/20260119-020.jpg
iki,BILLA šaldyti sūrio užkandžiai,3.99,,1+1,01.19,01.25,,https://iki.lt/wp-content/uploads/2026/01/16/20260119-021.jpg
iki,Šaldytos GERO APETITO uogos ar vaisiai,,,1+1,01.19,01.25, XXX,https://iki.lt/wp-content/uploads/2026/01/16/20260119-022.jpg
iki,Šaldytoms daržovėms ir jų mišiniams BONDUELLE,,,-50%,01.19,01.25,,https://iki.lt/wp-content/uploads/2026/01/16/20260119-023.jpg
iki,Šaldyta produkcija HORTEX,,,1+1,01.19,01.25,,https://iki.lt/wp-content/uploads/2026/01/16/20260119-024.jpg
iki,Šaldytai produkcijai VIČI,,,-50%,01.19,01.25,,https://iki.lt/wp-content/uploads/2026/01/16/20260119-025.jpg
iki,Šaldyti mini čeburekai TAUTŲ RECEPTAI,4.19,,1+1,01.19,01.25, XXX,https://iki.lt/wp-content/uploads/2026/01/16/20260119-026.jpg
iki,Šaldyti cepelinai ar balandėliai JUDEX,,,1+1,01.19,01.25,,https://iki.lt/wp-content/uploads/2026/01/16/20260119-027.jpg
iki,Šaldyti kruasanai LIETUVOS KEPĖJAS,3.69,,1+1,01.19,01.25,,https://iki.lt/wp-content/uploads/2026/01/16/20260119-028.jpg
iki,Šaldyta tešla MANTINGA,2.29,,1+1,01.19,01.25,,https://iki.lt/wp-content/uploads/2026/01/16/20260119-029.jpg
iki,Ledams vafliniame ragelyje BALTIJA,,,-50%,01.19,01.25,,https://iki.lt/wp-content/uploads/2026/01/16/20260119-030.jpg
iki,Ledams vafliniame puodelyje DADU,,,-50%,01.19,01.25,,https://iki.lt/wp-content/uploads/2026/01/16/20260119-031.jpg
iki,Ledai dėžutėje KARALIŠKI,5.99,8.79,-31%,01.19,01.25,,https://iki.lt/wp-content/uploads/2026/01/16/20260119-032.jpg
iki,Ledams ant pagaliuko POLS,,,-50%,01.19,01.25,,https://iki.lt/wp-content/uploads/2026/01/16/20260119-033.jpg
iki,Ledai dėžutėje BEN & JERRY’S,5.25,10.49,-49%,01.19,01.25,,https://iki.lt/wp-content/uploads/2026/01/16/20260119-034.jpg
iki,Šviežioms uogoms,,,-30%,01.19,01.25,,https://iki.lt/wp-content/uploads/2026/01/16/20260119-038.jpg
iki,Kriaušėms,,,-20%,01.19,01.25,,https://iki.lt/wp-content/uploads/2026/01/16/20260119-039.jpg
iki,Kiviams,,,-30%,01.19,01.25,,https://iki.lt/wp-content/uploads/2026/01/16/20260119-040.jpg
iki,Didieji apelsinai,1.49,,TIK,01.19,01.25,,https://iki.lt/wp-content/uploads/2026/01/16/20260119-041.jpg
iki,Sveriami mandarinai,1.49,,TIK,01.19,01.25,,https://iki.lt/wp-content/uploads/2026/01/16/20260119-042.jpg
iki,Greipfrutams,,,-40%,01.19,01.25,,https://iki.lt/wp-content/uploads/2026/01/16/20260119-043.jpg
iki,Besėklės raudonosios vynuogės,2.49,,TIK,01.19,01.25, XXX,https://iki.lt/wp-content/uploads/2026/01/16/20260119-044.jpg
iki,Sveriami abrikosai,3.99,,TIK,01.19,01.25, XXX,https://iki.lt/wp-content/uploads/2026/01/16/20260119-045.jpg
iki,Pasiflora,0.59,,TIK,01.19,01.25, XXX,https://iki.lt/wp-content/uploads/2026/01/16/20260119-046.jpg
iki,Kinkanai,1.99,,TIK,01.19,01.25, XXX,https://iki.lt/wp-content/uploads/2026/01/16/20260119-047.jpg
iki,Ličiai,5.99,,TIK,01.19,01.25, XXX,https://iki.lt/wp-content/uploads/2026/01/16/20260119-048.jpg
iki,Kertuotis,3.99,,TIK,01.19,01.25, XXX,https://iki.lt/wp-content/uploads/2026/01/16/20260119-049.jpg
iki,Citrinos,1.39,,TIK,01.19,01.25, XXX,https://iki.lt/wp-content/uploads/2026/01/16/20260119-050.jpg
iki,Didieji sunokę mangai,1.79,,TIK,01.19,01.25,,https://iki.lt/wp-content/uploads/2026/01/16/20260119-051.jpg
iki,Džiovinti duonvaisiai,2.99,,1+1,01.19,01.25,,https://iki.lt/wp-content/uploads/2026/01/16/20260119-052.jpg
iki,Slyviniai pomidorai,2.49,,SUPER KAINA,01.19,01.25,,https://iki.lt/wp-content/uploads/2026/01/16/20260119-053.jpg
iki,Ilgavaisiai agurkai,1.29,,TIK,01.19,01.25,,https://iki.lt/wp-content/uploads/2026/01/16/20260119-054.jpg
iki,Įvairiaspalviai vynuoginiai pomidoriukai,2.99,,TIK,01.19,01.25, XXX,https://iki.lt/wp-content/uploads/2026/01/16/20260119-055.jpg
iki,Sunokę avokadai,1.99,,TIK,01.19,01.25,,https://iki.lt/wp-content/uploads/2026/01/16/20260119-056.jpg
iki,Brokolis,1.39,,TIK,01.19,01.25,,https://iki.lt/wp-content/uploads/2026/01/16/20260119-057.jpg
iki,Žiedinis kopūstas,2.39,,TIK,01.19,01.25,,https://iki.lt/wp-content/uploads/2026/01/16/20260119-058.jpg
iki,Pievagrybiai,0.99,,TIK,01.19,01.25,,https://iki.lt/wp-content/uploads/2026/01/16/20260119-059.jpg
iki,BON VIA salota ICEBERG,1.39,,TIK,01.19,01.25,,https://iki.lt/wp-content/uploads/2026/01/16/20260119-060.jpg
iki,IKI fasuotoms prieskoninėms žolelėms,,,-25%,01.19,01.25,,https://iki.lt/wp-content/uploads/2026/01/16/20260119-061.jpg
iki,Svogūnų laiškai,1.19,,TIK,01.19,01.25,,https://iki.lt/wp-content/uploads/2026/01/16/20260119-062.jpg
iki,CLEVER svogūnai,0.39,,TIK,01.19,01.25,,https://iki.lt/wp-content/uploads/2026/01/16/20260119-063.jpg
iki,Saldžiosios bulvės,1.49,,TIK,01.19,01.25, XXX,https://iki.lt/wp-content/uploads/2026/01/16/20260119-064.jpg
iki,IKI raudonieji ridikėliai,0.99,,TIK,01.19,01.25,,https://iki.lt/wp-content/uploads/2026/01/16/20260119-065.jpg
iki,CLEVER burokėliai,0.49,,TIK,01.19,01.25,,https://iki.lt/wp-content/uploads/2026/01/16/20260119-066.jpg
iki,Plautiems salotų mišiniams FIT & EASY,,,-30%,01.19,01.25,,https://iki.lt/wp-content/uploads/2026/01/16/20260119-067.jpg
iki,Obuoliai GRANNY SMITH,2.39,,TIK,01.19,01.25, XXX,https://iki.lt/wp-content/uploads/2026/01/16/20260119-068.jpg
iki,Obuoliai JONAGOLD,1.19,,TIK,01.19,01.25,,https://iki.lt/wp-content/uploads/2026/01/16/20260119-069.jpg
iki,Obuoliai GOLDEN,2.39,,TIK,01.19,01.25,,https://iki.lt/wp-content/uploads/2026/01/16/20260119-070.jpg
iki,Raudonieji obuoliai GALA,0.89,,TIK,01.19,01.25,,https://iki.lt/wp-content/uploads/2026/01/16/20260119-071.jpg
iki,IKI ŪKIS fasuoti obuoliai,1.59,,TIK,01.19,01.25,,https://iki.lt/wp-content/uploads/2026/01/16/20260119-072.jpg
iki,Obuoliai RED DELICIOUS,2.49,,TIK,01.19,01.25, XXX,https://iki.lt/wp-content/uploads/2026/01/16/20260119-073.jpg
iki,BON VIA BIO obuoliai,1.79,,TIK,01.19,01.25, XXX,https://iki.lt/wp-content/uploads/2026/01/16/20260119-074.jpg
iki,Skintos TULPĖS,3.99,,TIK,01.19,01.25, XXX,https://iki.lt/wp-content/uploads/2026/01/16/20260119-075.jpg
iki,Skinti smulkiažiedžiai GVAZDIKAI,2.99,,TIK,01.19,01.25, XXX,https://iki.lt/wp-content/uploads/2026/01/16/20260119-076.jpg
iki,Lapinis augalas ZAMIOKULKAS,3.99,,TIK,01.19,01.25, XXX,https://iki.lt/wp-content/uploads/2026/01/16/20260119-077.jpg
iki,Žydintis augalas RAKTAŽOLĖ,1.49,,TIK,01.19,01.25, XXX,https://iki.lt/wp-content/uploads/2026/01/16/20260119-078.jpg
iki,Skintos ROŽĖS,2.99,,TIK,01.19,01.25, XXX,https://iki.lt/wp-content/uploads/2026/01/16/20260119-079.jpg
iki,Žydintis augalas ANTURIS,5.99,,TIK,01.19,01.25, XXX,https://iki.lt/wp-content/uploads/2026/01/16/20260119-080.jpg
iki,Žydintis augalas ROŽĖ,2.49,,TIK,01.19,01.25, XXX,https://iki.lt/wp-content/uploads/2026/01/16/20260119-081.jpg
iki,Svogūninis augalas HIACINTAS,3.99,,TIK,01.19,01.25, XXX,https://iki.lt/wp-content/uploads/2026/01/16/20260119-082.jpg
iki,IKI ŠEFAI kulinarijos šeiminėms pakuotėms,,,-40%,01.19,01.25,,https://iki.lt/wp-content/uploads/2026/01/16/20260119-083.jpg
iki,IKI ŠEFAI CEZARIO salotos su vištiena,2.79,3.69,-24%,01.19,01.25,,https://iki.lt/wp-content/uploads/2026/01/16/20260119-084.jpg
iki,IKI ŠEFAI salotų dubenėlis BOWL su keptais avinžirniais,3.49,4.69,-25%,01.19,01.25, XXX,https://iki.lt/wp-content/uploads/2026/01/16/20260119-085.jpg
iki,IKI ŠEFAI vištų kepenėlių paštetas su pistacijomis,3.39,4.29,-20%,01.19,01.25, XXX,https://iki.lt/wp-content/uploads/2026/01/16/20260119-086.jpg
iki,IKI ŠEFAI SLUOKSNIUOTA tuno mišrainė,2.99,3.89,-23%,01.19,01.25,,https://iki.lt/wp-content/uploads/2026/01/16/20260119-087.jpg
iki,IKI ŠEFAI saldžiarūgštė vištiena su ryžiais,3.19,4.49,-28%,01.19,01.25, XXX,https://iki.lt/wp-content/uploads/2026/01/16/20260119-088.jpg
iki,IKI ŠEFAI kepti fasuoti KYJIVO kotletai,3.29,4.29,-23%,01.19,01.25,,https://iki.lt/wp-content/uploads/2026/01/16/20260119-089.jpg
iki,IKI ŠEFAI virti makaronai su padažu ir mocarela,3.59,4.49,-20%,01.19,01.25, XXX,https://iki.lt/wp-content/uploads/2026/01/16/20260119-090.jpg
iki,IKI ŠEFAI kepta BOLONIJOS lazanija,3.19,4.29,-25%,01.19,01.25, XXX,https://iki.lt/wp-content/uploads/2026/01/16/20260119-091.jpg
iki,Tortas PASIFLORA,8.99,9.99,TIK,01.19,01.25, XXX,https://iki.lt/wp-content/uploads/2026/01/16/20260119-092.jpg
iki,Tortas LUI,13.99,16.99,TIK,01.19,01.25, XXX,https://iki.lt/wp-content/uploads/2026/01/16/20260119-093.jpg
iki,VAISINIS tortas,12.49,13.99,TIK,01.19,01.25, XXX,https://iki.lt/wp-content/uploads/2026/01/16/20260119-094.jpg
iki,Pyragas su spanguolėmis RUBINAS,9.49,10.99,-20%,01.19,01.25,,https://iki.lt/wp-content/uploads/2026/01/16/20260119-095.jpg
iki,MEDAUS pyragas,9.99,10.99,TIK,01.19,01.25,,https://iki.lt/wp-content/uploads/2026/01/16/20260119-096.jpg
iki,Griliažinis MONMARTRO pyragas,11.99,15.99,-25%,01.19,01.25, XXX,https://iki.lt/wp-content/uploads/2026/01/16/20260119-097.jpg
iki,Eklerams,,,-20%,01.19,01.25,,https://iki.lt/wp-content/uploads/2026/01/16/20260119-098.jpg
iki,Grietinėtis,2.37,0.79,3+1,01.19,01.25,,https://iki.lt/wp-content/uploads/2026/01/16/20260119-099.jpg
iki,Pyragėlis MARCIPANINIS SUKUTIS,0.49,0.59,TIK,01.19,01.25, XXX,https://iki.lt/wp-content/uploads/2026/01/16/20260119-100.jpg
iki,Kruasanas su karameliniu įdaru,0.49,0.69,-28%,01.19,01.25,,https://iki.lt/wp-content/uploads/2026/01/16/20260119-101.jpg
iki,Bandelė su abrikosų ir varškės įdaru,0.49,0.79,TIK,01.19,01.25,,https://iki.lt/wp-content/uploads/2026/01/16/20260119-102.jpg
iki,Mini PRANCŪZIŠKAS batonas su česnakinio sviesto įdaru,0.39,0.49,-20%,01.19,01.25,,https://iki.lt/wp-content/uploads/2026/01/16/20260119-103.jpg
iki,Šviesi duona su grūdais ir sėklomis,1.49,1.79,TIK,01.19,01.25,,https://iki.lt/wp-content/uploads/2026/01/16/20260119-104.jpg
iki,Sluoksniuotos tešlos bandelė su šoninės įdaru,0.49,0.79,TIK,01.19,01.25,,https://iki.lt/wp-content/uploads/2026/01/16/20260119-105.jpg
iki,Tamsiai duonai su raugu MORTA,,,-20%,01.19,01.25,,https://iki.lt/wp-content/uploads/2026/01/16/20260119-106.jpg
iki,VISO GRŪDO ruginė duona,1.39,1.75,-20%,01.19,01.25, XXX,https://iki.lt/wp-content/uploads/2026/01/16/20260119-107.jpg
iki,Raikyta GUDOBELĖS duona,1.59,1.89,TIK,01.19,01.25,,https://iki.lt/wp-content/uploads/2026/01/16/20260119-108.jpg
iki,Duonai ir duonelėms TOSTE,,,-20%,01.19,01.25,,https://iki.lt/wp-content/uploads/2026/01/16/20260119-109.jpg
iki,SUMUŠTINIŲ batonas,0.89,1.25,-28%,01.19,01.25,,https://iki.lt/wp-content/uploads/2026/01/16/20260119-110.jpg
iki,Riestainiams JAVINĖ,,,-20%,01.19,01.25, XXX,https://iki.lt/wp-content/uploads/2026/01/16/20260119-111.jpg
iki,POPULIARUSIS šakotis ROMNESA,10.99,15.49,TIK,01.19,01.25,,https://iki.lt/wp-content/uploads/2026/01/16/20260119-112.jpg
iki,GARLIAVOS DUONOS sausainiams,,,-20%,01.19,01.25,,https://iki.lt/wp-content/uploads/2026/01/16/20260119-113.jpg
iki,PLIKYTI sausainiai JDC,1.99,,1+1,01.19,01.25,,https://iki.lt/wp-content/uploads/2026/01/16/20260119-114.jpg
iki,"Sūriams WENSLEYDALE, MEXICANA ir OLD IRISH",,,-25%,01.19,01.25, XXX,https://iki.lt/wp-content/uploads/2026/01/16/20260119-115.jpg
iki,BILLA sūriams,,,-20%,01.19,01.25, XXX,https://iki.lt/wp-content/uploads/2026/01/16/20260119-116.jpg
iki,Atšaldytos skrostos atlantinės lašišos su galvomis,6.99,13.99,-50%,01.19,01.25,,https://iki.lt/wp-content/uploads/2026/01/16/20260119-117.jpg
iki,Atitirpinta nilinių tilapijų filė be odos,8.99,14.49,-38%,01.19,01.25, XXX,https://iki.lt/wp-content/uploads/2026/01/16/20260119-118.jpg
iki,Silkių filė VIČI,2.19,,TIK,01.19,01.25, XXX,https://iki.lt/wp-content/uploads/2026/01/16/20260119-119.jpg
iki,Silkių filė ZIGMAS ONE BITE,1.99,,TIK,01.19,01.25, XXX,https://iki.lt/wp-content/uploads/2026/01/16/20260119-120.jpg
iki,Silkių filė EDEGA gabaliukais,2.19,3.29,-33%,01.19,01.25, XXX,https://iki.lt/wp-content/uploads/2026/01/16/20260119-121.jpg
iki,ŠVENTINĖ ar JUBILIEJINĖ silkių filė,3.29,3.99,TIK,01.19,01.25, XXX,https://iki.lt/wp-content/uploads/2026/01/16/20260119-122.jpg
iki,Atšaldytos krabų skonio lazdelės iš surimio VIČI CLASSIC,1.99,,1+1,01.19,01.25,,https://iki.lt/wp-content/uploads/2026/01/16/20260119-123.jpg
iki,Atlanto žuvų ikrų užtepėlė NORVEN,2.49,3.49,-28%,01.19,01.25, XXX,https://iki.lt/wp-content/uploads/2026/01/16/20260119-124.jpg
iki,Atitirpinti skrosti didieji jūriniai ešeriai be galvų,6.99,10.49,-33%,01.19,01.25, XXX,https://iki.lt/wp-content/uploads/2026/01/16/20260119-125.jpg
iki,Atitirpintos skrostos atlantinės argentinos be galvų,4.99,9.49,-47%,01.19,01.25, XXX,https://iki.lt/wp-content/uploads/2026/01/16/20260119-126.jpg
iki,Karštai rūkytoms žuvims RUSNĖS ŽUVIS,,,-20%,01.19,01.25, XXX,https://iki.lt/wp-content/uploads/2026/01/16/20260119-127.jpg
iki,Atitirpintos nevirtos krevetės su galvomis,10.84,15.49,-30%,01.19,01.25,,https://iki.lt/wp-content/uploads/2026/01/16/20260119-128.jpg
iki,IKI sūdyta ar šaltai rūkyta atlantinių lašišų filė,2.69,3.79,-29%,01.19,01.25,,https://iki.lt/wp-content/uploads/2026/01/16/20260119-129.jpg
iki,IKI ŪKIS jautienos kumpis be kaulo,12.69,14.99,TIK,01.19,01.25, XXX,https://iki.lt/wp-content/uploads/2026/01/16/20260119-130.jpg
iki,IKI ŪKIS jautienos sprandinė su pomente be kaulo,13.49,15.99,TIK,01.19,01.25, XXX,https://iki.lt/wp-content/uploads/2026/01/16/20260119-131.jpg
iki,Šviežios TRADICINĖS lietuviškos dešrelės,5.49,6.49,TIK,01.19,01.25, XXX,https://iki.lt/wp-content/uploads/2026/01/16/20260119-132.jpg
iki,Šviežiai vištienai VILNIAUS PAUKŠTYNAS,,,-20%,01.19,01.25,,https://iki.lt/wp-content/uploads/2026/01/16/20260119-133.jpg
iki,IKI šviežia viščiukų broilerių šlaunelių mėsa,3.49,4.79,-27%,01.19,01.25,,https://iki.lt/wp-content/uploads/2026/01/16/20260119-134.jpg
iki,IKI ŪKIS jautienos mentė su kaulu,12.29,14.49,TIK,01.19,01.25, XXX,https://iki.lt/wp-content/uploads/2026/01/16/20260119-135.jpg
iki,IKI ŪKIS jautienos šonkauliai,11.99,12.99,TIK,01.19,01.25, XXX,https://iki.lt/wp-content/uploads/2026/01/16/20260119-136.jpg
iki,Sausai brandinta smulkinta jautiena GRYNUOLIAI,4.79,5.49,TIK,01.19,01.25, XXX,https://iki.lt/wp-content/uploads/2026/01/16/20260119-137.jpg
iki,Marinuotai VILNIAUS PAUKŠTYNO PREMIUM produkcijai,,,-20%,01.19,01.25, XXX,https://iki.lt/wp-content/uploads/2026/01/16/20260119-138.jpg
iki,Lėtai virta RUMŠIŠKIŲ PAUKŠTYNO viščiuko broilerio puselė,5.99,9.99,-40%,01.19,01.25, XXX,https://iki.lt/wp-content/uploads/2026/01/16/20260119-139.jpg
iki,Šviežiai antienai,,,-20%,01.19,01.25, XXX,https://iki.lt/wp-content/uploads/2026/01/16/20260119-140.jpg
iki,RUMŠIŠKIŲ PAUKŠTYNO švieži atvėsinti viščiukų broilerių ketvirčiai,2.99,4.49,-33%,01.19,01.25, XXX,https://iki.lt/wp-content/uploads/2026/01/16/20260119-141.jpg
iki,IKI atvėsinta jautiena troškinti,4.99,6.49,-23%,01.19,01.25, XXX,https://iki.lt/wp-content/uploads/2026/01/16/20260119-142.jpg
iki,Mėsos gaminiams BAJORŲ,,,-50%,01.19,01.25, XXX,https://iki.lt/wp-content/uploads/2026/01/16/20260119-143.jpg
iki,Virtiems mėsos gaminiams SAMSONAS,,,-40%,01.19,01.25,,https://iki.lt/wp-content/uploads/2026/01/16/20260119-144.jpg
iki,LIETUVIŠKOMS PIENIŠKOMS dešrelėms,,,-40%,01.19,01.25,,https://iki.lt/wp-content/uploads/2026/01/16/20260119-145.jpg
iki,Apdorotiems mėsos gaminiams RUMŠIŠKIŲ TRADICIJOS,,,-30%,01.19,01.25,,https://iki.lt/wp-content/uploads/2026/01/16/20260119-146.jpg
iki,Virtoms UTENOS MĖSOS dešroms griežinėliais,,,-25%,01.19,01.25,,https://iki.lt/wp-content/uploads/2026/01/16/20260119-147.jpg
iki,Virtos jautienos dešrelės KAI NORISI MĖSOS,4.29,,1+1,01.19,01.25,,https://iki.lt/wp-content/uploads/2026/01/16/20260119-148.jpg
iki,Virtos GIMINIŲ dešrelės,3.99,7.99,TIK,01.19,01.25,,https://iki.lt/wp-content/uploads/2026/01/16/20260119-149.jpg
iki,UTENOS MĖSOS karštai rūkytoms dešroms ir dešrelėms,,,-30%,01.19,01.25,,https://iki.lt/wp-content/uploads/2026/01/16/20260119-150.jpg
iki,Virtiems ir keptiems kumpeliams bei kepsneliams VILNIAUS PAUKŠTYNAS,,,-20%,01.19,01.25, XXX,https://iki.lt/wp-content/uploads/2026/01/16/20260119-151.jpg
iki,Vytinta dešra FUET IMPERIAL,3.69,,1+1,01.19,01.25, XXX,https://iki.lt/wp-content/uploads/2026/01/16/20260119-153.jpg
iki,Šaltai rūkytiems KREKENAVOS gaminiams,,,-30%,01.19,01.25, XXX,https://iki.lt/wp-content/uploads/2026/01/16/20260119-154.jpg
iki,Karštai rūkytos MEDŽIOTOJŲ dešrelės KAI NORISI MĖSOS,3.99,,1+1,01.19,01.25,,https://iki.lt/wp-content/uploads/2026/01/16/20260119-155.jpg
iki,Karštai rūkyta KREKENAVOS PANEVĖŽIO filė,6.49,12.99,TIK,01.19,01.25,,https://iki.lt/wp-content/uploads/2026/01/16/20260119-156.jpg
iki,Dešrelės TARCZYNSKI KABANOS,2.99,,1+1,01.19,01.25,,https://iki.lt/wp-content/uploads/2026/01/16/20260119-157.jpg
iki,Virtos sardelės EKSTRA,1.99,4.19,TIK,01.19,01.25,,https://iki.lt/wp-content/uploads/2026/01/16/20260119-158.jpg
iki,Majonezas HELLMANN’S,2.49,3.99,-37%,01.19,01.25,,https://iki.lt/wp-content/uploads/2026/01/16/20260119-159.jpg
iki,Pienas ROKIŠKIO NAMINIS,1.19,1.49,-20%,01.19,01.25, XXX,https://iki.lt/wp-content/uploads/2026/01/16/20260119-160.jpg
iki,Kefyras DVARO,1.39,1.85,-24%,01.19,01.25,,https://iki.lt/wp-content/uploads/2026/01/16/20260119-161.jpg
iki,Grietinėlei DVARO,,,-20%,01.19,01.25,,https://iki.lt/wp-content/uploads/2026/01/16/20260119-162.jpg
iki,Grietinei DVARO,,,-20%,01.19,01.25,,https://iki.lt/wp-content/uploads/2026/01/16/20260119-163.jpg
iki,Varškei DVARO,,,-20%,01.19,01.25,,https://iki.lt/wp-content/uploads/2026/01/16/20260119-164.jpg
iki,GRŪDĖTA varškė,1.29,1.69,-23%,01.19,01.25,,https://iki.lt/wp-content/uploads/2026/01/16/20260119-165.jpg
iki,Varškės sūrelis iš A2 pieno,0.79,0.99,-20%,01.19,01.25,,https://iki.lt/wp-content/uploads/2026/01/16/20260119-166.jpg
iki,Varškei kruopelėmis ir pudingams ALMA,,,-20%,01.19,01.25, XXX,https://iki.lt/wp-content/uploads/2026/01/16/20260119-167.jpg
iki,Plombyro skonio ŽEMAITIJOS DESERTINĖ varškė,1.39,1.79,-22%,01.19,01.25, XXX,https://iki.lt/wp-content/uploads/2026/01/16/20260119-168.jpg
iki,Ryžių košė RYTAS,1.29,1.69,-23%,01.19,01.25, XXX,https://iki.lt/wp-content/uploads/2026/01/16/20260119-169.jpg
iki,Biskvitas MAGIJA LILA VANILA su pieniniu kremu ir kakavos glaistu,0.59,0.79,-25%,01.19,01.25,,https://iki.lt/wp-content/uploads/2026/01/16/20260119-170.jpg
iki,Glaistytas varškės sūrelis NYKŠTUKAS,0.49,0.69,-28%,01.19,01.25,,https://iki.lt/wp-content/uploads/2026/01/16/20260119-171.jpg
iki,Batonėlis KINDER MAXI KING,0.79,1.05,-24%,01.19,01.25,,https://iki.lt/wp-content/uploads/2026/01/16/20260119-172.jpg
iki,IKI sūriams,,,-30%,01.19,01.25,,https://iki.lt/wp-content/uploads/2026/01/16/20260119-173.jpg
iki,Sūriams ROKIŠKIO GRAND,,,-20%,01.19,01.25, XXX,https://iki.lt/wp-content/uploads/2026/01/16/20260119-174.jpg
iki,Sūrio lazdelėms PIK-NIK,,,-20%,01.19,01.25,,https://iki.lt/wp-content/uploads/2026/01/16/20260119-175.jpg
iki,GALBANI sūriams RICOTTA ir MASCARPONE,,,-20%,01.19,01.25, XXX,https://iki.lt/wp-content/uploads/2026/01/16/20260119-176.jpg
iki,Sūriams MEMEL BLUE,,,-20%,01.19,01.25, XXX,https://iki.lt/wp-content/uploads/2026/01/16/20260119-177.jpg
iki,Kastinys su česnakais DVARO,1.89,2.45,-22%,01.19,01.25,,https://iki.lt/wp-content/uploads/2026/01/16/20260119-178.jpg
iki,Tepusis riebalų mišinys su trumais LABAN,1.79,2.29,-21%,01.19,01.25, XXX,https://iki.lt/wp-content/uploads/2026/01/16/20260119-179.jpg
iki,Sviesto skonio margarinas EVESOL,1.79,2.29,-21%,01.19,01.25,,https://iki.lt/wp-content/uploads/2026/01/16/20260119-180.jpg
iki,Jogurtas iš A2 pieno be laktozės,1.29,1.59,TIK,01.19,01.25, XXX,https://iki.lt/wp-content/uploads/2026/01/16/20260119-181.jpg
iki,Jogurtas JO,2.19,2.79,-21%,01.19,01.25, XXX,https://iki.lt/wp-content/uploads/2026/01/16/20260119-182.jpg
iki,Augaliniams desertams ir tofu batonėliams DEARY,,,-20%,01.19,01.25, XXX,https://iki.lt/wp-content/uploads/2026/01/16/20260119-183.jpg
iki,Saldintas sutirštintas pienas ROKIŠKIO,2.19,2.69,TIK,01.19,01.25,,https://iki.lt/wp-content/uploads/2026/01/16/20260119-184.jpg
iki,Ant kraiko laikomų vištų kiaušiniai,2.29,2.49,TIK,01.19,01.25,,https://iki.lt/wp-content/uploads/2026/01/16/20260119-185.jpg
iki,KĖDAINIŲ AMERIKIETIŠKAS majonezas,1.99,2.69,-26%,01.19,01.25, XXX,https://iki.lt/wp-content/uploads/2026/01/16/20260119-186.jpg
iki,Pieno gėrimas ARLA,1.99,2.99,-33%,01.19,01.25, XXX,https://iki.lt/wp-content/uploads/2026/01/16/20260119-187.jpg
iki,Jogurtams GRAIKIŠKA AMFORA,,,-30%,01.19,01.25,,https://iki.lt/wp-content/uploads/2026/01/16/20260119-188.jpg
iki,BILLA pudingui ir putėsiams HIGH PROTEIN,,,-30%,01.19,01.25, XXX,https://iki.lt/wp-content/uploads/2026/01/16/20260119-189.jpg
iki,Tepamasis sūris PHILADELPHIA PROTEIN,1.99,2.59,-23%,01.19,01.25, XXX,https://iki.lt/wp-content/uploads/2026/01/16/20260119-190.jpg
iki,Glaistytas sūrelis PROTEIN M,0.69,,1+1,01.19,01.25, XXX,https://iki.lt/wp-content/uploads/2026/01/16/20260119-191.jpg
iki,Baltyminiams batonėliams GO ON PROTEIN,,,-25%,01.19,01.25,,https://iki.lt/wp-content/uploads/2026/01/16/20260119-192.jpg
iki,Baltyminis batonėlis MAX SPORT,1.59,1.99,-20%,01.19,01.25, XXX,https://iki.lt/wp-content/uploads/2026/01/16/20260119-193.jpg
iki,IKI ŠEFAI sumuštiniams ir užkandžiams,,,-30%,01.19,01.25,Su pigintuvu -50 %,https://iki.lt/wp-content/uploads/2026/01/16/20260119-194.jpg
iki,Jogurtas ACTIVIA,2.49,2.99,Su pigintuvu 1.99,01.19,01.25,,https://iki.lt/wp-content/uploads/2026/01/16/20260119-195.jpg
iki,Guminukams RED BAND,,,-30%,01.19,01.25,Su pigintuvu -50 %,https://iki.lt/wp-content/uploads/2026/01/16/20260119-196.jpg
iki,"Šokoladiniams, riešutų kremams",,,-20%,01.19,01.25,Su pigintuvu -40 %,https://iki.lt/wp-content/uploads/2026/01/16/20260119-197.jpg
iki,Ramenai SAMYANG,1.99,2.79,Su pigintuvu 1.39,01.19,01.25,,https://iki.lt/wp-content/uploads/2026/01/16/20260119-198.jpg
iki,BILLA gazuotas gėrimas,0.69,1.09,Su pigintuvu 0.55,01.19,01.25,,https://iki.lt/wp-content/uploads/2026/01/16/20260119-199.jpg
iki,BILLA PREMIUM šaltai rūkytiems ir vytintiems mėsos gaminiams,,,-30%,01.19,01.25, XXX,https://iki.lt/wp-content/uploads/2026/01/16/20260119-200.jpg
iki,BILLA PREMIUM prieskoniams,,,-30%,01.19,01.25, XXX,https://iki.lt/wp-content/uploads/2026/01/16/20260119-201.jpg
iki,BILLA PREMIUM šaldytoms krevetėms ir krevečių žiedams,,,-40%,01.19,01.25, XXX,https://iki.lt/wp-content/uploads/2026/01/16/20260119-202.jpg
iki,BILLA PREMIUM šaldytoms aliaskinėms menkėms ir tunams,,,-30%,01.19,01.25, XXX,https://iki.lt/wp-content/uploads/2026/01/16/20260119-203.jpg
iki,BILLA PREMIUM ryžiams,2.39,3.49,TIK,01.19,01.25, XXX,https://iki.lt/wp-content/uploads/2026/01/16/20260119-204.jpg
iki,BILLA PREMIUM baltojo acto pagardas,2.99,5.99,TIK,01.19,01.25, XXX,https://iki.lt/wp-content/uploads/2026/01/16/20260119-205.jpg
iki,BILLA PREMIUM desertas TIRAMISU,3.99,4.99,-20%,01.19,01.25, XXX,https://iki.lt/wp-content/uploads/2026/01/16/20260119-206.jpg
iki,BILLA PREMIUM ledai MOCHI,1.49,,1+1,01.19,01.25, XXX,https://iki.lt/wp-content/uploads/2026/01/16/20260119-207.jpg
iki,BILLA PREMIUM šaldyti pyragai,,,1+1,01.19,01.25, XXX,https://iki.lt/wp-content/uploads/2026/01/16/20260119-208.jpg
iki,Alyvuogių aliejui FARCHIONI,,,-50%,01.19,01.25,,https://iki.lt/wp-content/uploads/2026/01/16/20260119-209.jpg
iki,Kokosų aliejus BIONATURALIS,5.99,9.99,TIK,01.19,01.25,,https://iki.lt/wp-content/uploads/2026/01/16/20260119-210.jpg
iki,Lietuviškos grikių kruopos TYRAS,2.29,2.99,TIK,01.19,01.25,,https://iki.lt/wp-content/uploads/2026/01/16/20260119-211.jpg
iki,"Kruopoms, ryžiams FASMA",,,-30%,01.19,01.25,,https://iki.lt/wp-content/uploads/2026/01/16/20260119-212.jpg
iki,Dribsniams GALINTA,,,-30%,01.19,01.25,,https://iki.lt/wp-content/uploads/2026/01/16/20260119-213.jpg
iki,"Košėms, batonėliams ACTIVUS",,,-30%,01.19,01.25,,https://iki.lt/wp-content/uploads/2026/01/16/20260119-214.jpg
iki,Bolivinės balandos,2.99,5.99,-50%,01.19,01.25, XXX,https://iki.lt/wp-content/uploads/2026/01/16/20260119-215.jpg
iki,Miltai KAUNO GRŪDAI EKSTRA 405D,1.69,2.49,TIK,01.19,01.25,,https://iki.lt/wp-content/uploads/2026/01/16/20260119-216.jpg
iki,Makaronams LIGUORI,,,-30%,01.19,01.25,,https://iki.lt/wp-content/uploads/2026/01/16/20260119-217.jpg
iki,"Padažams, kečupui CHUMAK",,,-25%,01.19,01.25,,https://iki.lt/wp-content/uploads/2026/01/16/20260119-218.jpg
iki,"Padažams, kečupui, konservuotoms daržovėms HEINZ",,,-30%,01.19,01.25,,https://iki.lt/wp-content/uploads/2026/01/16/20260119-219.jpg
iki,Produkcijai AJI,,,-30%,01.19,01.25, XXX,https://iki.lt/wp-content/uploads/2026/01/16/20260119-220.jpg
iki,OBELIŲ aliejui,,,-50%,01.19,01.25,,https://iki.lt/wp-content/uploads/2026/01/16/20260119-221.jpg
iki,Ryžiams,,,-25%,01.19,01.25,,https://iki.lt/wp-content/uploads/2026/01/16/20260119-222.jpg
iki,Produkcijai SANTA MARIA TEX MEX,,,-30%,01.19,01.25,,https://iki.lt/wp-content/uploads/2026/01/16/20260119-223.jpg
iki,Tortilijos DIJO,1.49,2.39,TIK,01.19,01.25,,https://iki.lt/wp-content/uploads/2026/01/16/20260119-224.jpg
iki,"Konservuotoms pupelėms, avinžirniams BONDUELLE",,,-25%,01.19,01.25,,https://iki.lt/wp-content/uploads/2026/01/16/20260119-225.jpg
iki,GRILL PARTY marinuoti agurkai,1.09,1.99,TIK,01.19,01.25, XXX,https://iki.lt/wp-content/uploads/2026/01/16/20260119-226.jpg
iki,KĖDAINIŲ FABRIKO sriuboms,,,-30%,01.19,01.25,,https://iki.lt/wp-content/uploads/2026/01/16/20260119-227.jpg
iki,Konservuoti žalieji žirneliai SPILVA,1.29,2.69,TIK,01.19,01.25,,https://iki.lt/wp-content/uploads/2026/01/16/20260119-228.jpg
iki,Rudasis cukranendrių cukrus ALVO,0.99,1.79,TIK,01.19,01.25, XXX,https://iki.lt/wp-content/uploads/2026/01/16/20260119-229.jpg
iki,Klevų sirupas BERNARD,3.99,6.49,TIK,01.19,01.25,,https://iki.lt/wp-content/uploads/2026/01/16/20260119-230.jpg
iki,Mėsos konservai GAŠPARIK,2.99,5.29,TIK,01.19,01.25,,https://iki.lt/wp-content/uploads/2026/01/16/20260119-231.jpg
iki,"Tunams, menkių kepenėlėms JOHN WEST",,,-25%,01.19,01.25,,https://iki.lt/wp-content/uploads/2026/01/16/20260119-232.jpg
iki,Skumbrių filė GRAAL,1.49,2.99,TIK,01.19,01.25, XXX,https://iki.lt/wp-content/uploads/2026/01/16/20260119-233.jpg
iki,Užtepėlėms SKANOVĖ,,,-25%,01.19,01.25, XXX,https://iki.lt/wp-content/uploads/2026/01/16/20260119-234.jpg
iki,BILLA prieskoniams IMMER GUT,,,-30%,01.19,01.25,,https://iki.lt/wp-content/uploads/2026/01/16/20260119-235.jpg
iki,Prieskoniams SALDVA,,,-30%,01.19,01.25,,https://iki.lt/wp-content/uploads/2026/01/16/20260119-236.jpg
iki,Saldainių dėžutė TOFFIFEE,1.79,2.99,SUPER KAINA,01.19,01.25,,https://iki.lt/wp-content/uploads/2026/01/16/20260119-237.jpg
iki,"Saldainių dėžutė BRANDY, LIQUEUR",3.49,4.99,TIK,01.19,01.25,,https://iki.lt/wp-content/uploads/2026/01/16/20260119-238.jpg
iki,FERRERO šokoladas ROCHER ir RAFFAELLO,2.79,4.09,TIK,01.19,01.25, XXX,https://iki.lt/wp-content/uploads/2026/01/16/20260119-239.jpg
iki,Šokolado plytelėms LACMI,,,-25%,01.19,01.25, XXX,https://iki.lt/wp-content/uploads/2026/01/16/20260119-240.jpg
iki,Juodasis šokoladas PERGALĖ,4.49,5.79,TIK,01.19,01.25,,https://iki.lt/wp-content/uploads/2026/01/16/20260119-241.jpg
iki,Šokoladinis batonėlis SNICKERS SUPER,1.39,1.99,TIK,01.19,01.25,,https://iki.lt/wp-content/uploads/2026/01/16/20260119-242.jpg
iki,Saldainis NOMEDA ORIGINAL,0.39,0.59,TIK,01.19,01.25, XXX,https://iki.lt/wp-content/uploads/2026/01/16/20260119-243.jpg
iki,Vaflinis batonėlis PRINCE POLO XXL,0.59,0.79,TIK,01.19,01.25,,https://iki.lt/wp-content/uploads/2026/01/16/20260119-244.jpg
iki,Guminukai TROLLI,0.99,1.45,TIK,01.19,01.25,,https://iki.lt/wp-content/uploads/2026/01/16/20260119-245.jpg
iki,Sveriami saldainiai VILNIUS ar SOSTINĖS,15.99,22.99,TIK,01.19,01.25, XXX,https://iki.lt/wp-content/uploads/2026/01/16/20260119-246.jpg
iki,Sveriami saldainiai SKRIVERU KARVUTĖ,7.99,10.49,TIK,01.19,01.25, XXX,https://iki.lt/wp-content/uploads/2026/01/16/20260119-247.jpg
iki,Sveriami saldainiai MILKY SPLASH,6.99,8.99,TIK,01.19,01.25, XXX,https://iki.lt/wp-content/uploads/2026/01/16/20260119-248.jpg
iki,Saldainiams TIC TAC,,,-20%,01.19,01.25, XXX,https://iki.lt/wp-content/uploads/2026/01/16/20260119-249.jpg
iki,Saldumynams CHUPA CHUPS,,,-25%,01.19,01.25,,https://iki.lt/wp-content/uploads/2026/01/16/20260119-250.jpg
iki,NICE BITES riešutai šokolade,2.99,3.99,TIK,01.19,01.25,,https://iki.lt/wp-content/uploads/2026/01/16/20260119-251.jpg
iki,Raguoliai 7 DAYS,0.89,,1+1,01.19,01.25,,https://iki.lt/wp-content/uploads/2026/01/16/20260119-252.jpg
iki,Bulvių ir daržovių traškučiams CHAZZ,,,-40%,01.19,01.25, XXX,https://iki.lt/wp-content/uploads/2026/01/16/20260119-253.jpg
iki,Kukurūzų traškučiai DORITOS,1.49,1.99,TIK,01.19,01.25,,https://iki.lt/wp-content/uploads/2026/01/16/20260119-254.jpg
iki,Bulvių traškučiai ESTRELLA,1.99,3.99,TIK,01.19,01.25,,https://iki.lt/wp-content/uploads/2026/01/16/20260119-255.jpg
iki,Bulvių traškučiai LAY’S,1.99,3.29,TIK,01.19,01.25,,https://iki.lt/wp-content/uploads/2026/01/16/20260119-256.jpg
iki,"Trapioms lazdelėms, trapučiams SAULĖS GRŪDAS",,,-30%,01.19,01.25,,https://iki.lt/wp-content/uploads/2026/01/16/20260119-257.jpg
iki,USTUKIŲ trapučiams,,,-20%,01.19,01.25,,https://iki.lt/wp-content/uploads/2026/01/16/20260119-258.jpg
iki,Sausainiai GAIDELIS,0.75,0.99,TIK,01.19,01.25,,https://iki.lt/wp-content/uploads/2026/01/16/20260119-259.jpg
iki,Sausainiai BELVITA,2.99,4.49,TIK,01.19,01.25,,https://iki.lt/wp-content/uploads/2026/01/16/20260119-260.jpg
iki,Sausainiai grybukai LINKSMUČIAI,1.69,2.69,TIK,01.19,01.25,,https://iki.lt/wp-content/uploads/2026/01/16/20260119-261.jpg
iki,KARAMELINIAI vafliai,1.99,2.99,TIK,01.19,01.25,,https://iki.lt/wp-content/uploads/2026/01/16/20260119-262.jpg
iki,Granola HERKULESS,1.99,2.99,TIK,01.19,01.25,,https://iki.lt/wp-content/uploads/2026/01/16/20260119-263.jpg
iki,Užkandis STARTUPER’S,1.79,2.99,TIK,01.19,01.25, XXX,https://iki.lt/wp-content/uploads/2026/01/16/20260119-264.jpg
iki,Maltai kavai ir kavos pupelėms PUPA,,,-50%,01.19,01.25,,https://iki.lt/wp-content/uploads/2026/01/16/20260119-265.jpg
iki,TIRA kavos pupelės,7.99,9.99,TIK,01.19,01.25, XXX,https://iki.lt/wp-content/uploads/2026/01/16/20260119-266.jpg
iki,TIRA kavos pupelės BARISTA ar BRAZIL,14.99,17.99,TIK,01.19,01.25,,https://iki.lt/wp-content/uploads/2026/01/16/20260119-267.jpg
iki,Kavos pupelės MERRILD,16.99,25.99,TIK,01.19,01.25,,https://iki.lt/wp-content/uploads/2026/01/16/20260119-268.jpg
iki,"Kavos pupelės LAVAZZA QUALITA ORO, RISERVA, MOUNTAIN GROWN",19.99,31.99,TIK,01.19,01.25,,https://iki.lt/wp-content/uploads/2026/01/16/20260119-269.jpg
iki,Skrudintos kavos pupelės ARABICA,4.29,6.99,TIK,01.19,01.25, XXX,https://iki.lt/wp-content/uploads/2026/01/16/20260119-270.jpg
iki,Kavos kapsulės AROMA GOLD (DOLCE GUSTO),5.99,8.49,TIK,01.19,01.25, XXX,https://iki.lt/wp-content/uploads/2026/01/16/20260119-271.jpg
iki,Kavos kapsulės LAVAZZA A MODO MIO,5.49,8.99,TIK,01.19,01.25,,https://iki.lt/wp-content/uploads/2026/01/16/20260119-272.jpg
iki,Malta kava LAVAZZA CLUB,5.99,9.49,TIK,01.19,01.25,,https://iki.lt/wp-content/uploads/2026/01/16/20260119-273.jpg
iki,Malta kava MERRILD IN CUP,6.29,11.99,TIK,01.19,01.25,,https://iki.lt/wp-content/uploads/2026/01/16/20260119-274.jpg
iki,Malta kava LOFBERGS,7.99,13.59,TIK,01.19,01.25, XXX,https://iki.lt/wp-content/uploads/2026/01/16/20260119-275.jpg
iki,Tirpioji kava NESCAFÉ CLASSIC CREMA,4.99,7.49,TIK,01.19,01.25,,https://iki.lt/wp-content/uploads/2026/01/16/20260119-276.jpg
iki,Tirpiosios kavos gėrimas NESCAFE,0.35,0.49,TIK,01.19,01.25,,https://iki.lt/wp-content/uploads/2026/01/16/20260119-277.jpg
iki,BILLA BIO arbata,1.89,2.79,TIK,01.19,01.25, XXX,https://iki.lt/wp-content/uploads/2026/01/16/20260119-278.jpg
iki,Arbata TWININGS pakeliais,3.89,5.49,TIK,01.19,01.25,,https://iki.lt/wp-content/uploads/2026/01/16/20260119-279.jpg
iki,Arbatos tyrėms MASHIE,,,-30%,01.19,01.25, XXX,https://iki.lt/wp-content/uploads/2026/01/16/20260119-280.jpg
iki,Energinis gėrimas CULT,,,1+1,01.19,01.25,,https://iki.lt/wp-content/uploads/2026/01/16/20260119-281.jpg
iki,Gazuotas natūralus mineralinis vanduo S. PELLEGRINO,1.29,1.99,TIK,01.19,01.25,,https://iki.lt/wp-content/uploads/2026/01/16/20260119-282.jpg
iki,Gazuotas mineralinis vanduo NABEGHLAVI,0.99,1.49,TIK,01.19,01.25, XXX,https://iki.lt/wp-content/uploads/2026/01/16/20260119-283.jpg
iki,Izotoniniai ar energiniai gėrimai VICHY VITAMIX,0.99,1.69,TIK,01.19,01.25, XXX,https://iki.lt/wp-content/uploads/2026/01/16/20260119-284.jpg
iki,Įvairių vaisių nektaras ELMENHORSTER,2.19,,1+1,01.19,01.25,,https://iki.lt/wp-content/uploads/2026/01/16/20260119-285.jpg
iki,Nektaras ar sulčių gėrimas CIDO,0.39,0.59,TIK,01.19,01.25,,https://iki.lt/wp-content/uploads/2026/01/16/20260119-286.jpg
iki,"Gėrimams, nektarui KUBUŠ",,,-40%,01.19,01.25,,https://iki.lt/wp-content/uploads/2026/01/16/20260119-287.jpg
iki,Šaltos arbatos gėrimas FUZETEA,1.49,2.29,TIK,01.19,01.25,,https://iki.lt/wp-content/uploads/2026/01/16/20260119-288.jpg
iki,Gazuotas gėrimas PEPSI ar PEPSI MAX,1.09,1.99,TIK,01.19,01.25,,https://iki.lt/wp-content/uploads/2026/01/16/20260119-289.jpg
iki,Gazuotas gėrimas CANDY CAN,0.89,1.29,TIK,01.19,01.25, XXX,https://iki.lt/wp-content/uploads/2026/01/16/20260119-290.jpg
iki,Šaltos kavos gėrimas NESCAFE BARISTA,1.49,1.99,TIK,01.19,01.25,,https://iki.lt/wp-content/uploads/2026/01/16/20260119-291.jpg
iki,GUBERNIJOS gira,0.69,1.09,TIK,01.19,01.25,,https://iki.lt/wp-content/uploads/2026/01/16/20260119-292.jpg
iki,Energinis gėrimas BATTERY,0.99,1.79,TIK,01.19,01.25,,https://iki.lt/wp-content/uploads/2026/01/16/20260119-293.jpg
iki,Nealkoholinis alus KRONENBOURG BLANC,0.99,1.59,TIK,01.19,01.25,,https://iki.lt/wp-content/uploads/2026/01/16/20260119-294.jpg
iki,Nealkoholinis putojantis vynas MIONETTO,5.49,9.99,TIK,01.19,01.25, XXX,https://iki.lt/wp-content/uploads/2026/01/16/20260119-295.jpg
iki,Moterų higienos priemonėms ALWAYS,,,-30%,01.19,01.25, XXX,https://iki.lt/wp-content/uploads/2026/01/16/20260119-296.jpg
iki,Burnos priežiūros priemonėms COREGA,,,-30%,01.19,01.25,,https://iki.lt/wp-content/uploads/2026/01/16/20260119-297.jpg
iki,Burnos priežiūros priemonėms LACALUT,,,-40%,01.19,01.25,,https://iki.lt/wp-content/uploads/2026/01/16/20260119-298.jpg
iki,Burnos priežiūros priemonėms RAPID WHITE,,,-30%,01.19,01.25, XXX,https://iki.lt/wp-content/uploads/2026/01/16/20260119-299.jpg
iki,Plaukų priežiūros priemonėms HEAD & SHOULDERS,,,-30%,01.19,01.25,,https://iki.lt/wp-content/uploads/2026/01/16/20260119-300.jpg
iki,Veido kremai NIVEA CELLULAR,11.99,23.99,TIK,01.19,01.25, XXX,https://iki.lt/wp-content/uploads/2026/01/16/20260119-301.jpg
iki,Kosmetikai NEUTROGENA,,,-30%,01.19,01.25,,https://iki.lt/wp-content/uploads/2026/01/16/20260119-302.jpg
iki,Skystasis muilas FROSCH,1.99,4.29,TIK,01.19,01.25, XXX,https://iki.lt/wp-content/uploads/2026/01/16/20260119-303.jpg
iki,Kosmetikai DOVE,,,-50%,01.19,01.25,,https://iki.lt/wp-content/uploads/2026/01/16/20260119-304.jpg
iki,Kosmetikai MARGARITA,,,-40%,01.19,01.25,,https://iki.lt/wp-content/uploads/2026/01/16/20260119-305.jpg
iki,Sisteminiai skustuvai GILLETTE VENUS BREEZE,5.99,10.99,TIK,01.19,01.25, XXX,https://iki.lt/wp-content/uploads/2026/01/16/20260119-306.jpg
iki,Dušo želė NIVEA,,,-50%,01.19,01.25,,https://iki.lt/wp-content/uploads/2026/01/16/20260119-307.jpg
iki,Purškiamas dezodorantas NIVEA,2.49,4.79,TIK,01.19,01.25,,https://iki.lt/wp-content/uploads/2026/01/16/20260119-308.jpg
iki,Kosmetikai L’OREAL PARIS,,,-40%,01.19,01.25,,https://iki.lt/wp-content/uploads/2026/01/16/20260119-309.jpg
iki,Popieriniai rankšluosčiai RENOVA EXTRA XXL,0.99,2.39,SUPER KAINA,01.19,01.25,,https://iki.lt/wp-content/uploads/2026/01/16/20260119-310.jpg
iki,Tualetinis popierius RENOVA SKIN CARE,2.49,6.99,TIK,01.19,01.25,,https://iki.lt/wp-content/uploads/2026/01/16/20260119-311.jpg
iki,BILLA tualetinis popierius,4.99,8.99,TIK,01.19,01.25,,https://iki.lt/wp-content/uploads/2026/01/16/20260119-312.jpg
iki,Indaplovių priemonėms SOMAT,,,-40%,01.19,01.25, XXX,https://iki.lt/wp-content/uploads/2026/01/16/20260119-313.jpg
iki,Skalbikliams RINGUVA PLIUS,,,-30%,01.19,01.25,,https://iki.lt/wp-content/uploads/2026/01/16/20260119-314.jpg
iki,Skystasis skalbiklis WOOLITE,4.99,9.99,TIK,01.19,01.25, XXX,https://iki.lt/wp-content/uploads/2026/01/16/20260119-315.jpg
iki,Skalbimo kapsulės PERSIL DISCS,5.29,8.99,TIK,01.19,01.25,,https://iki.lt/wp-content/uploads/2026/01/16/20260119-316.jpg
iki,Skalbinių minkštiklis SILAN,2.99,4.99,TIK,01.19,01.25, XXX,https://iki.lt/wp-content/uploads/2026/01/16/20260119-317.jpg
iki,Skalbinių minkštiklis COCCOLINO,3.99,6.99,TIK,01.19,01.25, XXX,https://iki.lt/wp-content/uploads/2026/01/16/20260119-318.jpg
iki,Produkcijai KH-7,,,-40%,01.19,01.25, XXX,https://iki.lt/wp-content/uploads/2026/01/16/20260119-319.jpg
iki,Buitinei chemijai BALANCE,,,-30%,01.19,01.25,,https://iki.lt/wp-content/uploads/2026/01/16/20260119-320.jpg
iki,"Buitinės chemijos priemonėms BALIS, HIGĖJA, VALIS, JŪRA",,,-40%,01.19,01.25, XXX,https://iki.lt/wp-content/uploads/2026/01/16/20260119-321.jpg
iki,Vamzdžių valikliams KURMIS,,,-30%,01.19,01.25,,https://iki.lt/wp-content/uploads/2026/01/16/20260119-322.jpg
iki,Tualetų valiklis – gaiviklis HARPIC ACTIVE,2.99,5.19,TIK,01.19,01.25, XXX,https://iki.lt/wp-content/uploads/2026/01/16/20260119-323.jpg
iki,Oro gaiviklis BOTANICA,3.69,6.49,TIK,01.19,01.25, XXX,https://iki.lt/wp-content/uploads/2026/01/16/20260119-324.jpg
iki,"Šunų ėdalui, užkandžiams PEDIGREE",,,-40%,01.19,01.25,,https://iki.lt/wp-content/uploads/2026/01/16/20260119-325.jpg
iki,"Šunų ir kačių ėdalui JOSIDOG, JOSICAT",,,-40%,01.19,01.25, XXX,https://iki.lt/wp-content/uploads/2026/01/16/20260119-326.jpg
iki,"Šunų ir kačių ėdalui BIO DOG, HOF CAT",,,-40%,01.19,01.25, XXX,https://iki.lt/wp-content/uploads/2026/01/16/20260119-327.jpg
iki,MOON RANGER šunų ėdalui,,,-40%,01.19,01.25, XXX,https://iki.lt/wp-content/uploads/2026/01/16/20260119-328.jpg
iki,Kačių skanėstai CHURU,1.99,2.89,TIK,01.19,01.25, XXX,https://iki.lt/wp-content/uploads/2026/01/16/20260119-329.jpg
iki,Kačių ėdalui GOURMET PERLE,,,-30%,01.19,01.25, XXX,https://iki.lt/wp-content/uploads/2026/01/16/20260119-330.jpg
iki,"Kačių ėdalui, užkandžiams MINKAS",,,-40%,01.19,01.25, XXX,https://iki.lt/wp-content/uploads/2026/01/16/20260119-331.jpg
iki,ZOOROYAL papūgų lesalas,1.49,2.29,TIK,01.19,01.25, XXX,https://iki.lt/wp-content/uploads/2026/01/16/20260119-332.jpg
iki,ZOOROYAL medžio drožlių kraikas smulkiesiems graužikams,1.99,2.99,TIK,01.19,01.25, XXX,https://iki.lt/wp-content/uploads/2026/01/16/20260119-333.jpg
iki,Vienkartinėms šunų paloms HIPPIE PET,,,-40%,01.19,01.25,,https://iki.lt/wp-content/uploads/2026/01/16/20260119-334.jpg
iki,ZOOROYAL kačių kraikas TIGROOO CARBON-FRESH,12.99,,1+1,01.19,01.25,,https://iki.lt/wp-content/uploads/2026/01/16/20260119-335.jpg
iki,ZOOROYAL konservuotam kačių ėdalui,,,-40%,01.19,01.25,,https://iki.lt/wp-content/uploads/2026/01/16/20260119-336.jpg
iki,Virtuvės prietaisai ROSMARINO,,,-50%,01.19,01.25, XXX,https://iki.lt/wp-content/uploads/2026/01/16/20260119-337.jpg
iki,Elektrinis druskų ir pipirų malūnėlis su šviesa ROSMARINO,10.99,22.99,TIK,01.19,01.25, XXX,https://iki.lt/wp-content/uploads/2026/01/16/20260119-342.jpg
iki,Rankinis smulkintuvas ROSMARINO,9.49,16.99,TIK,01.19,01.25, XXX,https://iki.lt/wp-content/uploads/2026/01/16/20260119-343.jpg
iki,Termo kavos puodelis ROSMARINO OMBRE,9.99,17.99,TIK,01.19,01.25, XXX,https://iki.lt/wp-content/uploads/2026/01/16/20260119-344.jpg
iki,Kojinėms ir pėdkelnėms,,,-40%,01.19,01.25,,https://iki.lt/wp-content/uploads/2026/01/16/20260119-345.jpg
iki,Kanceliarinėms prekėms ir kompiuterių priedams,,,-40%,01.19,01.25, XXX,https://iki.lt/wp-content/uploads/2026/01/16/20260119-346.jpg
iki,"Kūno priežiūros reikmenims, aromatiniams aliejams ir smilkalams",,,-30%,01.19,01.25, XXX,https://iki.lt/wp-content/uploads/2026/01/16/20260119-347.jpg
iki,Valymo prekėms SPONTEX,,,-40%,01.19,01.25,,https://iki.lt/wp-content/uploads/2026/01/16/20260119-348.jpg
iki,"Elementams, elektros lemputėms",,,-30%,01.19,01.25,,https://iki.lt/wp-content/uploads/2026/01/16/20260119-349.jpg
iki,Langų skysčiui AUTOCHEMIJA,,,-40%,01.19,01.25,,https://iki.lt/wp-content/uploads/2026/01/16/20260119-350.jpg
iki,Maisto ruošimo medžiagoms,,,-30%,01.19,01.25,,https://iki.lt/wp-content/uploads/2026/01/16/20260119-351.jpg
iki,"Paruoštiems tolesnio maitinimo pieno mišiniams, košėms HIPP",,,-25%,01.19,01.25,,https://iki.lt/wp-content/uploads/2026/01/16/20260119-352.jpg
iki,BILLA BIO tyrelė,1.98,0.99,2+1,01.19,01.25, XXX,https://iki.lt/wp-content/uploads/2026/01/16/20260119-353.jpg
iki,Sauskelnės HUGGIES PANTS,13.99,19.49,TIK,01.19,01.25, XXX,https://iki.lt/wp-content/uploads/2026/01/16/20260119-354.jpg
iki,Sauskelnės PAMPERS PREMIUM CARE,14.99,20.99,TIK,01.19,01.25, XXX,https://iki.lt/wp-content/uploads/2026/01/16/20260119-355.jpg
iki,Kūdikių priežiūros priemonėms KINDII,,,-25%,01.19,01.25, XXX,https://iki.lt/wp-content/uploads/2026/01/16/20260119-356.jpg
iki,Bananai,0.99,,SUPER KAINA,01.22,01.25,,https://iki.lt/wp-content/uploads/2026/01/16/20260119-357.jpg
iki,Smulkintai mėsai ir faršui,,,-20%,01.22,01.25,,https://iki.lt/wp-content/uploads/2026/01/16/20260119-358.jpg
iki,Šviežioms žuvims ir jūrų gėrybėms,,,-20%,01.22,01.25, XXX,https://iki.lt/wp-content/uploads/2026/01/16/20260119-359.jpg
iki,Vytintiems mėsos gaminiams,,,-30%,01.22,01.25,,https://iki.lt/wp-content/uploads/2026/01/16/20260119-360.jpg
iki,Pieno produktams ROKIŠKIO NAMINIS,,,-20%,01.22,01.25,,https://iki.lt/wp-content/uploads/2026/01/16/20260119-361.jpg
iki,"Sausiems pusryčiams, šokolado ir javainių batonėliams",,,-25%,01.22,01.25,,https://iki.lt/wp-content/uploads/2026/01/16/20260119-362.jpg
iki,"Tirpiajai kavai, tirpiosios kavos gėrimams ir tirpiajai kakavai",,,-30%,01.22,01.25,,https://iki.lt/wp-content/uploads/2026/01/16/20260119-363.jpg
iki,Kūdikių prekėms,,,-25%,01.22,01.25,,https://iki.lt/wp-content/uploads/2026/01/16/20260119-364.jpg
iki,Kosmetikai,,,-40%,01.22,01.25,,https://iki.lt/wp-content/uploads/2026/01/16/20260119-365.jpg
iki,CLEVER sveriamos bulvės,0.17,,SUPER KAINA,galioja,iki.lt.,,https://iki.lt/wp-content/uploads/2026/01/16/800x580-1.jpg
iki,Gazuotam ir negazuotam vandeniui,,,-40%,galioja,iki.lt.,,https://iki.lt/wp-content/uploads/2026/01/16/800x580-2.jpg
iki,Buitinei chemijai,,,-50%,galioja,iki.lt.,,https://iki.lt/wp-content/uploads/2026/01/16/800x580-.jpg
